Index,Label,Score
1,A,0.3198281
2,D,0.517147
3,4,0.4261149
4,A,0.6062301
5,7,0.5862568
6,8,0.6629053
7,0,0.3343157
8,A,0.8702865
9,0,0.5374587
10,0,0.5767936
