Index,Label,Confidence,BestAug,LowConf,LabelMarked
1,7,0.536284387111664,clahe,1,7?
2,7,0.536683678627014,gamma1.3,1,7?
3,7,0.536063015460968,gamma1.3,1,7?
4,7,0.536064088344574,clahe,1,7?
5,7,0.536178946495056,invert,1,7?
6,7,0.536351084709167,gamma1.3,1,7?
7,7,0.53597092628479,gamma1.3,1,7?
8,7,0.535542070865631,gamma1.3,1,7?
9,7,0.536369442939758,gamma1.3,1,7?
10,7,0.536344826221466,gamma1.3,1,7?
